{
  "mse": 0.0015926230873927493,
  "mae": 0.006166371042206097,
  "rmse": 0.03990768205988352,
  "n_test_samples": 2975,
  "feature_importance": {
    "DBPM": 0.49938696498023477,
    "team_win_pct": 0.14000399733663263,
    "PTS": 0.09987829012755428,
    "WS/48": 0.09701402005382853,
    "TOV": 0.056443982445791456,
    "NRtg": 0.03349695977990286,
    "FTA": 0.0305473643050818,
    "AST": 0.02578824398682227,
    "USG%": 0.00897762199546373,
    "OBPM": 0.005599197284421351,
    "pre_mvps": 0.0028633577042664047
  },
  "n_train_samples": 11897,
  "train_test_split": 0.2,
  "years_range": "1981-2025",
  "saved_at": "2026-01-30T16:16:17.024089",
  "model_params": {
    "n_estimators": 100,
    "learning_rate": 0.1,
    "max_depth": 3,
    "random_state": 15
  },
  "features": [
    "PTS",
    "team_win_pct",
    "AST",
    "TOV",
    "NRtg",
    "FTA",
    "WS/48",
    "DBPM",
    "OBPM",
    "pre_mvps",
    "USG%"
  ]
}