{
  "mse": 0.001592623087392749,
  "mae": 0.006166371042206097,
  "rmse": 0.03990768205988352,
  "n_test_samples": 2975,
  "feature_importance": {
    "DBPM": 0.4993869649802347,
    "team_win_pct": 0.1400039973366326,
    "PTS": 0.0998782901275542,
    "WS/48": 0.09701402005382856,
    "TOV": 0.05644398244579152,
    "NRtg": 0.03349695977990285,
    "FTA": 0.03054736430508181,
    "AST": 0.025788243986822258,
    "USG%": 0.00897762199546374,
    "OBPM": 0.005599197284421368,
    "pre_mvps": 0.0028633577042664095
  },
  "n_train_samples": 11897,
  "train_test_split": 0.2,
  "years_range": "1981-2025",
  "saved_at": "2026-01-22T14:40:00.484580",
  "model_params": {
    "n_estimators": 100,
    "learning_rate": 0.1,
    "max_depth": 3,
    "random_state": 15
  },
  "features": [
    "PTS",
    "team_win_pct",
    "AST",
    "TOV",
    "NRtg",
    "FTA",
    "WS/48",
    "DBPM",
    "OBPM",
    "pre_mvps",
    "USG%"
  ]
}